-- MySQL dump 10.13  Distrib 5.7.24, for Linux (x86_64)
--
-- Host: localhost    Database: bts_app_db
-- ------------------------------------------------------
-- Server version	5.7.24-0ubuntu0.18.04.1

/*!40101 SET @OLD_CHARACTER_SET_CLIENT=@@CHARACTER_SET_CLIENT */;
/*!40101 SET @OLD_CHARACTER_SET_RESULTS=@@CHARACTER_SET_RESULTS */;
/*!40101 SET @OLD_COLLATION_CONNECTION=@@COLLATION_CONNECTION */;
/*!40101 SET NAMES utf8 */;
/*!40103 SET @OLD_TIME_ZONE=@@TIME_ZONE */;
/*!40103 SET TIME_ZONE='+00:00' */;
/*!40014 SET @OLD_UNIQUE_CHECKS=@@UNIQUE_CHECKS, UNIQUE_CHECKS=0 */;
/*!40014 SET @OLD_FOREIGN_KEY_CHECKS=@@FOREIGN_KEY_CHECKS, FOREIGN_KEY_CHECKS=0 */;
/*!40101 SET @OLD_SQL_MODE=@@SQL_MODE, SQL_MODE='NO_AUTO_VALUE_ON_ZERO' */;
/*!40111 SET @OLD_SQL_NOTES=@@SQL_NOTES, SQL_NOTES=0 */;

--
-- Table structure for table `user`
--

DROP TABLE IF EXISTS `user`;
/*!40101 SET @saved_cs_client     = @@character_set_client */;
/*!40101 SET character_set_client = utf8 */;
CREATE TABLE `user` (
  `user_id` varchar(25) NOT NULL,
  `password` varchar(500) NOT NULL,
  `role` int(5) NOT NULL,
  PRIMARY KEY (`user_id`)
) ENGINE=InnoDB DEFAULT CHARSET=latin1;
/*!40101 SET character_set_client = @saved_cs_client */;

--
-- Dumping data for table `user`
--

LOCK TABLES `user` WRITE;
/*!40000 ALTER TABLE `user` DISABLE KEYS */;
INSERT INTO `user` VALUES ('1545192899425','$2a$10$JCeqJ4jC02/oFsTlxXJpy.JnHg3jrBSmc1L1PhLjTlR0SNtDKt136',1),('1545379361109','$2a$10$/zP15/7zFB92AVNlTI7yK.ypcHyJxopmOU5/JAl9HPh573JgoAPim',1),('Admin','$2a$10$r75i5n1jp.ieGbhuwHTl2.OjG1NrXkxrVUmRPPatbjhmiZ8SRRcQS',0);
/*!40000 ALTER TABLE `user` ENABLE KEYS */;
UNLOCK TABLES;

--
-- Table structure for table `kecamatan`
--

DROP TABLE IF EXISTS `kecamatan`;
/*!40101 SET @saved_cs_client     = @@character_set_client */;
/*!40101 SET character_set_client = utf8 */;
CREATE TABLE `kecamatan` (
  `ID_KECAMATAN` varchar(25) NOT NULL,
  `NAMA_KECAMATAN` varchar(1000) NOT NULL,
  PRIMARY KEY (`ID_KECAMATAN`)
) ENGINE=InnoDB DEFAULT CHARSET=latin1;
/*!40101 SET character_set_client = @saved_cs_client */;

--
-- Dumping data for table `kecamatan`
--

LOCK TABLES `kecamatan` WRITE;
/*!40000 ALTER TABLE `kecamatan` DISABLE KEYS */;
INSERT INTO `kecamatan` VALUES ('BBL','BABELAN'),('BJM','BOJONGMANGGU'),('CBG','CABANGBUNGIN'),('CBR','CIBARUSAH'),('CBT','CIBITUNG'),('CKB','CIKARANG BARAT'),('CKP','CIKARANG PUSAT'),('CKS','CIKARANG SELATAN'),('CKT','CIKARANG TIMUR'),('CKU','CIKARANG UTARA'),('KDW','KEDUNG WARINGIN'),('KRB','KARANG BAHAGIA'),('MGB','MUARA GEMBONG'),('PBY','PEBAYURAN'),('SET','SETU'),('SKR','SUKAKARYA'),('SKT','SUKATANI'),('SKW','SUKAWANGI'),('SRB','SERANG BARU'),('TBL','TAMBELANG'),('TBS','TAMBUN SELATAN'),('TBU','TAMBUN UTARA'),('TRM','TARUMAJAYA');
/*!40000 ALTER TABLE `kecamatan` ENABLE KEYS */;
UNLOCK TABLES;

--
-- Table structure for table `cell_bts`
--

DROP TABLE IF EXISTS `cell_bts`;
/*!40101 SET @saved_cs_client     = @@character_set_client */;
/*!40101 SET character_set_client = utf8 */;
CREATE TABLE `cell_bts` (
  `LAT_CELL_BTS` varchar(255) NOT NULL,
  `LONG_CELL_BTS` varchar(255) NOT NULL,
  `ID_CELL_BTS` varchar(25) DEFAULT NULL,
  `RADIUS_CELL_BTS` int(11) DEFAULT NULL,
  `ID_KECAMATAN` varchar(25) DEFAULT NULL,
  PRIMARY KEY (`LAT_CELL_BTS`,`LONG_CELL_BTS`),
  UNIQUE KEY `ID_CELL_BTS` (`ID_CELL_BTS`),
  KEY `ID_KECAMATAN` (`ID_KECAMATAN`),
  CONSTRAINT `cell_bts_ibfk_1` FOREIGN KEY (`ID_KECAMATAN`) REFERENCES `kecamatan` (`ID_KECAMATAN`)
) ENGINE=InnoDB DEFAULT CHARSET=latin1;
/*!40101 SET character_set_client = @saved_cs_client */;

--
-- Dumping data for table `cell_bts`
--

LOCK TABLES `cell_bts` WRITE;
/*!40000 ALTER TABLE `cell_bts` DISABLE KEYS */;
INSERT INTO `cell_bts` VALUES ('-5.985854','107.045969','MGB-011',600,'MGB'),('-5.986964','107.03335','MGB-005',600,'MGB'),('-5.990891','107.060296','MGB-010',600,'MGB'),('-5.993764','107.08027','MGB-009',600,'MGB'),('-6.009716','107.019923','MGB-008',600,'MGB'),('-6.012117','107.090905','MGB-001',600,'MGB'),('-6.01515','107.007044','MGB-003',600,'MGB'),('-6.017383','107.089361','MGB-012',600,'MGB'),('-6.026532','107.020234','MGB-007',600,'MGB'),('-6.040764','107.068847','MGB-002',600,'MGB'),('-6.043966','107.057284','MGB-006',600,'MGB'),('-6.050219','107.100564','CBG-004',600,'CBG'),('-6.056525','107.114862','CBG-005',600,'CBG'),('-6.057391','107.05774','BBL-022',400,'BBL'),('-6.060869','107.015281','BBL-025',400,'BBL'),('-6.06345','107.043625','BBL-019',400,'BBL'),('-6.06354','107.08202','MGB-004',600,'MGB'),('-6.06775','107.0594','BBL-021',400,'BBL'),('-6.074999','107.061826','SKW-012',400,'SKW'),('-6.075634','107.090387','CBG-003',600,'CBG'),('-6.076554','107.143832','CBG-010',600,'CBG'),('-6.076714','107.032269','BBL-020',400,'BBL'),('-6.076828','107.121844','CBG-002',600,'CBG'),('-6.081004','107.109516','CBG-011',600,'CBG'),('-6.081131','107.057369','BBL-017',400,'BBL'),('-6.090172','107.046685','BBL-018',400,'BBL'),('-6.090269','106.996772','TRM-010',400,'TRM'),('-6.091019','107.095591','CBG-009',600,'CBG'),('-6.091978','107.145927','CBG-001',600,'CBG'),('-6.093233','107.1605','CBG-007',600,'CBG'),('-6.094172','107.030217','TRM-013',400,'TRM'),('-6.098992','107.114853','SKW-003',600,'SKW'),('-6.100319','107.184617','CBG-006',600,'CBG'),('-6.102347','106.973652','TRM-011',400,'TRM'),('-6.102942','107.022867','TRM-027',400,'TRM'),('-6.10325','107.168261','CBG-008',600,'CBG'),('-6.103375','107.061736','BBL-016',400,'BBL'),('-6.103472','107.004628','TRM-012',400,'TRM'),('-6.104071','107.130616','SKW-004',600,'SKW'),('-6.109053','107.034025','BBL-014',400,'BBL'),('-6.109479','106.994218','TRM-024',400,'TRM'),('-6.109793','106.972013','TRM-022',400,'TRM'),('-6.109875','107.048894','BBL-015',400,'BBL'),('-6.110178','107.156559','SKR-005',600,'SKR'),('-6.110294','107.016514','TRM-007',400,'TRM'),('-6.110785','107.026614','TRM-025',400,'TRM'),('-6.110792','107.063774','BBL-035',400,'BBL'),('-6.112958','106.982569','TRM-006',400,'TRM'),('-6.11479','107.00919','TRM-023',400,'TRM'),('-6.116356','107.247325','PBY-004',600,'PBY'),('-6.117585','107.068575','SKW-010',400,'SKW'),('-6.117731','106.994025','TRM-009',400,'TRM'),('-6.118036','107.126578','SKW-001',600,'SKW'),('-6.120331','107.205953','PBY-006',600,'PBY'),('-6.120589','107.038222','BBL-013',400,'BBL'),('-6.12208','107.153674','SKR-003',600,'SKR'),('-6.124172','107.021275','BBL-012',400,'BBL'),('-6.124871','107.064197','SKW-011',400,'SKW'),('-6.128344','107.057789','BBL-011',400,'BBL'),('-6.128634','107.006439','TRM-002',400,'TRM'),('-6.129061','107.099892','SKW-002',600,'SKW'),('-6.129132','107.116276','SKW-009',600,'SKW'),('-6.130775','106.99172','TRM-008',400,'TRM'),('-6.132086','107.268044','PBY-005',600,'PBY'),('-6.132166','107.232127','PBY-014',600,'PBY'),('-6.13527','107.125653','SKW-007',600,'SKW'),('-6.135833','107.057048','SKW-013',400,'SKW'),('-6.136113','107.02477','BBL-026',400,'BBL'),('-6.137157','107.19704','SKR-007',600,'SKR'),('-6.137174','107.158624','TBL-006',600,'TBL'),('-6.13745','107.177631','SKR-002',600,'SKR'),('-6.138209','106.989404','TRM-019',400,'TRM'),('-6.138318','107.108869','SKW-008',600,'SKW'),('-6.139283','107.050367','BBL-010',400,'BBL'),('-6.139383','107.008814','TRM-014',400,'TRM'),('-6.140646','106.999123','TRM-017',400,'TRM'),('-6.14213','107.04','BBL-032',400,'BBL'),('-6.143547','107.028136','BBL-008',400,'BBL'),('-6.146063','107.01315','BBL-031',400,'BBL'),('-6.146375','106.991356','TRM-004',400,'TRM'),('-6.14686','107.099','SKW-005',600,'SKW'),('-6.148014','107.120585','TBL-004',600,'TBL'),('-6.148173','107.167229','TBL-005',600,'TBL'),('-6.148261','107.214989','PBY-007',600,'PBY'),('-6.149892','106.976668','TRM-003',400,'TRM'),('-6.150768','107.028952','BBL-037',400,'BBL'),('-6.15125','107.255','PBY-010',600,'PBY'),('-6.151364','107.045994','BBL-009',400,'BBL'),('-6.152757','106.984108','TRM-018',400,'TRM'),('-6.153012','107.035905','BBL-024',400,'BBL'),('-6.155618','107.145832','TBL-002',600,'TBL'),('-6.156316','106.990807','TRM-016',400,'TRM'),('-6.156733','107.006625','TRM-005',400,'TRM'),('-6.157215','107.103779','SKW-006',600,'SKW'),('-6.158341','107.044185','BBL-038',400,'BBL'),('-6.15902','107.212043','SKR-004',600,'SKR'),('-6.15971','107.17288','SKT-002',600,'SKT'),('-6.161411','107.024925','BBL-004',400,'BBL'),('-6.162817','107.12746','TBL-007',600,'TBL'),('-6.162911','107.201489','SKR-001',600,'SKR'),('-6.163802','106.977674','TRM-015',400,'TRM'),('-6.164347','107.089933','TBU-020',400,'TBU'),('-6.164436','107.038606','BBL-007',400,'BBL'),('-6.165192','107.065575','TBU-019',400,'TBU'),('-6.165856','107.053747','TBU-017',400,'TBU'),('-6.166555','106.992853','TRM-001',400,'TRM'),('-6.167267','107.272311','PBY-008',600,'PBY'),('-6.169122','107.242328','PBY-001',600,'PBY'),('-6.170048','107.044929','BBL-036',400,'BBL'),('-6.170505','107.00254','TRM-021',400,'TRM'),('-6.17055','107.177585','SKT-011',600,'SKT'),('-6.170889','107.026015','BBL-005',400,'BBL'),('-6.171038','107.034055','BBL-028',400,'BBL'),('-6.171768','107.017264','BBL-042',400,'BBL'),('-6.172464','106.987713','TRM-020',400,'TRM'),('-6.1726','107.157','SKT-006',600,'SKT'),('-6.172981','107.00995','BBL-006',400,'BBL'),('-6.173573','106.994999','TRM-026',400,'TRM'),('-6.174019','107.130155','TBL-003',600,'TBL'),('-6.176069','107.049855','TBU-016',400,'TBU'),('-6.176919','107.041022','BBL-027',400,'BBL'),('-6.177597','107.064858','TBU-014',400,'TBU'),('-6.179117','107.218156','SKR-006',600,'SKR'),('-6.179644','107.081172','TBU-015',400,'TBU'),('-6.180512','107.057765','TBU-021',400,'TBU'),('-6.180537','107.011261','BBL-039',400,'BBL'),('-6.181321','107.033635','BBL-041',400,'BBL'),('-6.181983','107.090404','CBT-056',200,'CBT'),('-6.182178','107.177837','KRB-003',600,'KRB'),('-6.182344','107.071645','TBU-030',400,'TBU'),('-6.1824','107.0209','BBL-030',400,'BBL'),('-6.182942','107.004007','BBL-003',400,'BBL'),('-6.182958','107.103392','CBT-017',200,'CBT'),('-6.185158','107.145931','SKT-003',600,'SKT'),('-6.185579','107.051135','TBU-026',400,'TBU'),('-6.185914','107.18866','KRB-002',600,'KRB'),('-6.186822','107.079582','TBU-022',400,'TBU'),('-6.186958','107.015074','BBL-043',400,'BBL'),('-6.18766','107.03','BBL-023',400,'BBL'),('-6.187935','107.038934','BBL-033',400,'BBL'),('-6.188568','107.254849','PBY-012',600,'PBY'),('-6.189686','107.058973','TBU-010',400,'TBU'),('-6.190483','107.008509','BBL-034',400,'BBL'),('-6.191531','107.045411','TBU-012',400,'TBU'),('-6.192845','107.174232','SKT-010',600,'SKT'),('-6.193478','107.021185','BBL-001',400,'BBL'),('-6.194792','107.075356','TBU-013',400,'TBU'),('-6.1955','107.013871','BBL-044',400,'BBL'),('-6.195553','107.118108','TBL-001',600,'TBL'),('-6.195661','107.053821','TBU-027',400,'TBU'),('-6.19584','107.089','CBT-018',200,'CBT'),('-6.196844','107.028471','BBL-040',400,'BBL'),('-6.19698','107.156','SKT-008',600,'SKT'),('-6.197064','107.240431','PBY-003',600,'PBY'),('-6.197589','107.036121','BBL-002',400,'BBL'),('-6.197717','107.189219','KRB-007',600,'KRB'),('-6.202122','107.044283','TBU-011',400,'TBU'),('-6.202189','107.102064','CBT-013',200,'CBT'),('-6.20356','107.072719','TBU-029',400,'TBU'),('-6.20412','107.054','TBU-018',400,'TBU'),('-6.204647','107.031765','BBL-029',400,'BBL'),('-6.205067','107.064058','TBU-006',400,'TBU'),('-6.205236','107.136923','SKT-001',600,'SKT'),('-6.206854','107.170624','SKT-004',600,'SKT'),('-6.208358','107.271022','PBY-009',600,'PBY'),('-6.20884','107.186934','KRB-008',600,'KRB'),('-6.209303','107.071842','TBS-050',200,'TBS'),('-6.210397','107.29032','PBY-011',600,'PBY'),('-6.210653','107.082806','TBS-043',200,'TBS'),('-6.211175','107.14853','SKT-005',600,'SKT'),('-6.211844','107.033408','TBU-031',400,'TBU'),('-6.211918','107.051101','TBU-009',400,'TBU'),('-6.211983','107.218547','KRB-011',600,'KRB'),('-6.212485','107.116091','CBT-050',200,'CBT'),('-6.213611','107.063508','TBU-007',400,'TBU'),('-6.214594','107.043617','TBU-008',400,'TBU'),('-6.216528','107.071356','TBS-055',200,'TBS'),('-6.216564','107.089601','CBT-054',200,'CBT'),('-6.217262','107.166552','KRB-010',600,'KRB'),('-6.217348','107.067697','TBU-002',200,'TBU'),('-6.21774','107.134','SKT-007',600,'SKT'),('-6.218198','107.079464','TBS-070',200,'TBS'),('-6.218243','107.057565','TBU-024',400,'TBU'),('-6.218369','107.10914','CBT-020',200,'CBT'),('-6.218775','107.037506','TBU-023',400,'TBU'),('-6.219008','107.099517','CBT-016',200,'CBT'),('-6.219484','107.191092','KRB-012',600,'KRB'),('-6.219721','107.074214','TBS-076',200,'TBS'),('-6.22023','107.049543','TBU-025',400,'TBU'),('-6.221056','107.067658','TBU-004',200,'TBU'),('-6.221156','107.255774','PBY-002',600,'PBY'),('-6.221394','107.086628','TBS-044',200,'TBS'),('-6.221706','107.117786','CBT-055',200,'CBT'),('-6.222027','107.077933','TBS-082',200,'TBS'),('-6.222577','107.062044','TBS-144',200,'TBS'),('-6.223125','107.070694','TBS-045',200,'TBS'),('-6.224071','107.081696','TBS-077',200,'TBS'),('-6.224079','107.05735','TBS-073',200,'TBS'),('-6.224521','107.065377','TBU-003',200,'TBU'),('-6.224755','107.074066','TBS-046',200,'TBS'),('-6.225111','107.04052','TBS-103',200,'TBS'),('-6.225181','107.045217','TBS-037',200,'TBS'),('-6.225188','107.157742','SKT-009',600,'SKT'),('-6.225435','107.033756','TBU-028',400,'TBU'),('-6.225572','107.115917','CBT-014',200,'CBT'),('-6.225894','107.049621','TBS-115',200,'TBS'),('-6.22635','107.173589','KRB-006',600,'KRB'),('-6.226982','107.059598','TBS-101',200,'TBS'),('-6.227637','107.080514','TBS-075',200,'TBS'),('-6.228233','107.052753','TBS-036',200,'TBS'),('-6.228327','107.27577','PBY-013',600,'PBY'),('-6.228568','107.08766','TBS-093',200,'TBS'),('-6.228787','107.044261','TBS-107',200,'TBS'),('-6.229485','107.048325','TBS-111',200,'TBS'),('-6.23013','107.104675','CBT-051',200,'CBT'),('-6.230501','107.083424','TBS-080',200,'TBS'),('-6.230544','107.2265','KRB-005',600,'KRB'),('-6.230816','107.039479','TBS-069',200,'TBS'),('-6.230839','107.09531','CBT-046',200,'CBT'),('-6.230867','107.060748','TBS-060',200,'TBS'),('-6.230883','107.066586','TBU-001',200,'TBU'),('-6.230889','107.245925','KDW-004',600,'KDW'),('-6.231601','107.091486','CBT-029',200,'CBT'),('-6.231636','107.133242','CBT-011',200,'CBT'),('-6.231692','107.101047','CBT-009',200,'CBT'),('-6.231712','107.072815','TBS-081',200,'TBS'),('-6.23208','107.076558','TBS-039',200,'TBS'),('-6.232202','107.042904','TBS-102',200,'TBS'),('-6.232321','107.054471','TBS-061',200,'TBS'),('-6.23274','107.086901','CBT-001',200,'CBT'),('-6.233365','107.048235','TBS-038',200,'TBS'),('-6.233588','107.11297','CBT-048',200,'CBT'),('-6.2336','107.118','CBT-023',200,'CBT'),('-6.234073','107.069795','TBS-079',200,'TBS'),('-6.234377','107.08047','TBS-078',200,'TBS'),('-6.234438','107.064698','TBU-005',200,'TBU'),('-6.235298','107.084083','TBS-042',200,'TBS'),('-6.23539','107.073763','TBS-040',200,'TBS'),('-6.235504','107.264614','KDW-008',600,'KDW'),('-6.2359','107.059004','TBS-110',200,'TBS'),('-6.236224','107.17904','KRB-014',600,'KRB'),('-6.236669','107.055358','TBS-032',200,'TBS'),('-6.236769','107.160431','KRB-004',600,'KRB'),('-6.237264','107.048611','TBS-108',200,'TBS'),('-6.237304','107.090582','CBT-015',200,'CBT'),('-6.237824','107.070449','TBS-084',200,'TBS'),('-6.238211','107.080289','TBS-041',200,'TBS'),('-6.238299','107.147764','CBT-024',200,'CBT'),('-6.238522','107.064522','TBS-035',200,'TBS'),('-6.239139','107.060886','TBS-112',200,'TBS'),('-6.240016','107.093437','CBT-047',200,'CBT'),('-6.240183','107.053689','TBS-109',200,'TBS'),('-6.240379','107.076882','TBS-083',200,'TBS'),('-6.240509','107.04671','TBS-113',200,'TBS'),('-6.240553','107.042533','TBS-065',200,'TBS'),('-6.240553','107.067737','TBS-085',200,'TBS'),('-6.240559','107.134186','CBT-053',200,'CBT'),('-6.24057','107.107','CBT-022',200,'CBT'),('-6.240575','107.194219','KRB-009',600,'KRB'),('-6.241524','107.1425','CBT-052',200,'CBT'),('-6.241925','107.072811','TBS-033',200,'TBS'),('-6.24211','107.084619','CBT-049',200,'CBT'),('-6.243157','107.095504','CBT-027',200,'CBT'),('-6.243192','107.127583','CBT-010',200,'CBT'),('-6.243494','107.049325','TBS-031',200,'TBS'),('-6.243787','107.06355','TBS-062',200,'TBS'),('-6.243902','107.045266','TBS-116',200,'TBS'),('-6.243992','107.273997','KDW-003',600,'KDW'),('-6.244267','107.088515','CBT-025',200,'CBT'),('-6.244314','107.077013','TBS-059',200,'TBS'),('-6.245206','107.068307','TBS-104',200,'TBS'),('-6.24536','107.160182','KRB-001',200,'KRB'),('-6.245822','107.084618','CBT-058',200,'CBT'),('-6.245904','107.114305','CBT-006',200,'CBT'),('-6.246169','107.058928','TBS-029',200,'TBS'),('-6.246498','107.051662','TBS-143',200,'TBS'),('-6.246923','107.047738','TBS-114',200,'TBS'),('-6.247032','107.055311','TBS-106',200,'TBS'),('-6.247095','107.093232','CBT-030',200,'CBT'),('-6.247183','107.041947','TBS-030',200,'TBS'),('-6.247508','107.164725','CKU-031',200,'CKU'),('-6.247907','107.102847','CBT-043',200,'CBT'),('-6.248121','107.155584','CKU-018',200,'CKU'),('-6.248244','107.03473','TBS-067',200,'TBS'),('-6.24873','107.073207','TBS-088',200,'TBS'),('-6.248917','107.148497','CKU-008',200,'CKU'),('-6.248956','107.068661','TBS-028',200,'TBS'),('-6.249031','107.082886','CBT-007',200,'CBT'),('-6.249295','107.078939','TBS-089',200,'TBS'),('-6.249381','107.233675','KDW-001',600,'KDW'),('-6.249574','107.111129','CBT-019',200,'CBT'),('-6.249718','107.045002','TBS-119',200,'TBS'),('-6.249831','107.05003','TBS-024',200,'TBS'),('-6.249975','107.090592','CBT-028',200,'CBT'),('-6.250099','107.038582','TBS-118',200,'TBS'),('-6.250196','107.097168','CBT-005',200,'CBT'),('-6.251072','107.203664','CKT-002',200,'CKT'),('-6.251136','107.178851','CKU-071',600,'CKU'),('-6.251142','107.16363','CKU-001',200,'CKU'),('-6.251556','107.065332','TBS-097',200,'TBS'),('-6.251947','107.057587','TBS-098',200,'TBS'),('-6.251991','107.032172','TBS-120',200,'TBS'),('-6.252325','107.076252','TBS-034',200,'TBS'),('-6.252498','107.139179','CKB-040',200,'CKB'),('-6.252557','107.149603','CKU-070',200,'CKU'),('-6.25269','107.05241','TBS-146',200,'TBS'),('-6.252717','107.144353','CKU-055',200,'CKU'),('-6.253068','107.088165','CBT-040',200,'CBT'),('-6.253383','107.048024','TBS-096',200,'TBS'),('-6.253663','107.084471','CBT-037',200,'CBT'),('-6.253823','107.095859','CBT-021',200,'CBT'),('-6.254202','107.101866','CBT-045',200,'CBT'),('-6.254269','107.153048','CKU-056',200,'CKU'),('-6.254329','107.04154','TBS-057',200,'TBS'),('-6.254661','107.080889','CBT-041',200,'CBT'),('-6.254853','107.060297','TBS-025',200,'TBS'),('-6.254892','107.034608','TBS-020',200,'TBS'),('-6.254979','107.156729','CKU-007',200,'CKU'),('-6.25498','107.055463','TBS-091',200,'TBS'),('-6.255253','107.065813','TBS-094',200,'TBS'),('-6.255525','107.073165','TBS-090',200,'TBS'),('-6.255754','107.091652','CBT-035',200,'CBT'),('-6.255884','107.077256','TBS-087',200,'TBS'),('-6.256159','107.119225','CKB-033',200,'CKB'),('-6.256812','107.069739','TBS-027',200,'TBS'),('-6.257024','107.025134','TBS-064',200,'TBS'),('-6.257037','107.03902','TBS-117',200,'TBS'),('-6.257107','107.139581','CKB-041',200,'CKB'),('-6.257116','107.087426','CBT-038',200,'CBT'),('-6.257319','107.104289','CBT-026',200,'CBT'),('-6.257371','107.145824','CKU-054',200,'CKU'),('-6.257428','107.052675','TBS-072',200,'TBS'),('-6.257516','107.083487','CBT-042',200,'CBT'),('-6.257549','107.097406','CBT-039',200,'CBT'),('-6.257828','107.043558','TBS-023',200,'TBS'),('-6.257829','107.0322','TBS-145',200,'TBS'),('-6.257875','107.159523','CKU-069',200,'CKU'),('-6.258037','107.164374','CKU-053',200,'CKU'),('-6.258298','107.06275','TBS-100',200,'TBS'),('-6.259063','107.130316','CKB-001',200,'CKB'),('-6.259193','107.049313','TBS-099',200,'TBS'),('-6.259267','107.056726','TBS-105',200,'TBS'),('-6.259322','107.168903','CKU-016',200,'CKU'),('-6.25936','107.189','CKU-032',200,'CKU'),('-6.259381','107.125156','CKB-029',200,'CKB'),('-6.259564','107.076684','CBT-044',200,'CBT'),('-6.259583','107.072796','TBS-092',200,'TBS'),('-6.259749','107.109671','CKB-028',200,'CKB'),('-6.259778','107.080482','CBT-033',200,'CBT'),('-6.260142','107.090849','CBT-036',200,'CBT'),('-6.260375','107.094861','CKB-003',200,'CKB'),('-6.260386','107.181139','CKU-046',200,'CKU'),('-6.26049','107.067826','TBS-058',200,'TBS'),('-6.260514','107.143558','CKU-006',200,'CKU'),('-6.260659','107.025141','TBS-141',200,'TBS'),('-6.260847','107.157055','CKU-022',200,'CKU'),('-6.261145','107.05343','TBS-021',200,'TBS'),('-6.261202','107.138243','CKB-038',200,'CKB'),('-6.261582','107.148544','CKU-057',200,'CKU'),('-6.261631','107.115944','CKB-005',200,'CKB'),('-6.261982','107.162322','CKU-050',200,'CKU'),('-6.262225','107.085842','CKB-002',200,'CKB'),('-6.26241','107.120477','CKB-004',200,'CKB'),('-6.262551','107.029674','TBS-016',200,'TBS'),('-6.262808','107.044289','TBS-071',200,'TBS'),('-6.263051','107.103609','CKB-031',200,'CKB'),('-6.263105','107.059024','TBS-086',200,'TBS'),('-6.26312','107.112105','CKB-044',200,'CKB'),('-6.263268','107.099536','CKB-042',200,'CKB'),('-6.263343','107.048089','TBS-095',200,'TBS'),('-6.263805','107.019596','TBS-052',200,'TBS'),('-6.263867','107.089658','CKB-052',200,'CKB'),('-6.263999','107.063344','TBS-022',200,'TBS'),('-6.264164','107.177586','CKU-014',200,'CKU'),('-6.264564','107.037008','TBS-019',200,'TBS'),('-6.264567','107.216837','KDW-010',600,'KDW'),('-6.264573','107.025176','TBS-054',200,'TBS'),('-6.26501','107.053715','TBS-018',200,'TBS'),('-6.265082','107.072823','TBS-056',200,'TBS'),('-6.265526','107.147563','CKU-058',200,'CKU'),('-6.265883','107.136237','CKB-037',200,'CKB'),('-6.265883','107.15155','CKU-010',200,'CKU'),('-6.266051','107.09701','CKB-036',200,'CKB'),('-6.266117','107.129098','CKB-007',200,'CKB'),('-6.26625','107.228603','KDW-006',600,'KDW'),('-6.266506','107.050225','TBS-010',200,'TBS'),('-6.266719','107.067569','TBS-026',200,'TBS'),('-6.26687','107.239835','KDW-009',600,'KDW'),('-6.266946','107.168609','CKU-051',200,'CKU'),('-6.267086','107.082033','CBT-034',200,'CBT'),('-6.26734','107.143','CKU-033',200,'CKU'),('-6.267564','107.162911','CKU-015',200,'CKU'),('-6.267624','107.021484','TBS-011',200,'TBS'),('-6.267788','107.181897','CKU-049',200,'CKU'),('-6.268106','107.251047','KDW-005',600,'KDW'),('-6.268107','107.028522','TBS-133',200,'TBS'),('-6.268588','107.054895','TBS-123',200,'TBS'),('-6.26863','107.176992','CKU-048',200,'CKU'),('-6.268713','107.017456','TBS-053',200,'TBS'),('-6.268814','107.122011','CKB-039',200,'CKB'),('-6.268888','107.077729','TBS-068',200,'TBS'),('-6.268916','107.261984','KDW-007',600,'KDW'),('-6.268986','107.085398','CKB-009',200,'CKB'),('-6.269011','107.153433','CKU-066',200,'CKU'),('-6.269123','107.273049','KDW-002',600,'KDW'),('-6.269208','107.10239','CKB-048',200,'CKB'),('-6.269244','107.134531','CKU-005',200,'CKU'),('-6.269561','107.158888','CKU-052',200,'CKU'),('-6.269917','107.113092','CKB-043',200,'CKB'),('-6.270067','107.04349','TBS-142',200,'TBS'),('-6.270152','107.048297','TBS-122',200,'TBS'),('-6.270269','107.222111','CKT-007',200,'CKT'),('-6.270383','107.18613','CKT-033',200,'CKT'),('-6.270558','107.194253','CKT-001',200,'CKT'),('-6.270622','107.130973','CKU-063',200,'CKU'),('-6.271114','107.07343','TBS-137',200,'TBS'),('-6.27138','107.108499','CKB-047',200,'CKB'),('-6.271444','107.023509','TBS-051',200,'TBS'),('-6.271483','107.097618','CKB-008',200,'CKB'),('-6.271623','107.200125','CKT-034',200,'CKT'),('-6.271912','107.092757','CKB-046',200,'CKB'),('-6.272004','107.052845','TBS-017',200,'TBS'),('-6.272455','107.027234','TBS-066',200,'TBS'),('-6.272489','107.175814','CKU-020',200,'CKU'),('-6.272599','107.086712','CKB-087',200,'CKB'),('-6.272605','107.147526','CKU-060',200,'CKU'),('-6.272829','107.118943','CKB-045',200,'CKB'),('-6.27294','107.151198','CKU-027',200,'CKU'),('-6.272998','107.063349','TBS-012',200,'TBS'),('-6.273262','107.045867','TBS-128',200,'TBS'),('-6.273284','107.037606','TBS-013',200,'TBS'),('-6.273599','107.08096','CBT-008',200,'CBT'),('-6.273611','107.041403','TBS-132',200,'TBS'),('-6.273769','107.128298','CKU-064',200,'CKU'),('-6.27389','107.19621','CKT-032',200,'CKT'),('-6.274306','107.05729','TBS-124',200,'TBS'),('-6.274389','107.100604','CKB-049',200,'CKB'),('-6.274922','107.144431','CKU-009',200,'CKU'),('-6.275156','107.022994','TBS-009',200,'TBS'),('-6.275253','107.124011','CKU-003',200,'CKU'),('-6.275369','107.029774','TBS-063',200,'TBS'),('-6.27561','107.191122','CKT-031',200,'CKT'),('-6.275742','107.050714','TBS-121',200,'TBS'),('-6.275853','107.139892','CKU-059',200,'CKU'),('-6.275939','107.017698','TBS-138',200,'TBS'),('-6.276678','107.115303','CKB-035',200,'CKB'),('-6.276733','107.066875','CBT-031',200,'CBT'),('-6.276916','107.054259','TBS-130',200,'TBS'),('-6.277008','107.046872','TBS-014',200,'TBS'),('-6.27706','107.229','CKT-015',200,'CKT'),('-6.27724','107.163','CKU-030',200,'CKU'),('-6.277343','107.087205','CKB-053',200,'CKB'),('-6.277503','107.037706','TBS-127',200,'TBS'),('-6.277867','107.168473','CKU-034',200,'CKU'),('-6.278158','107.063289','TBS-140',200,'TBS'),('-6.27834','107.135','CKU-026',200,'CKU'),('-6.278483','107.079613','CBT-032',200,'CBT'),('-6.278589','107.153867','CKU-017',200,'CKU'),('-6.278827','107.026577','TBS-136',200,'TBS'),('-6.278961','107.112312','CKB-059',200,'CKB'),('-6.278999','107.126871','CKU-062',200,'CKU'),('-6.279124','107.07524','CBT-002',200,'CBT'),('-6.27933','107.041163','TBS-125',200,'TBS'),('-6.279739','107.031836','TBS-008',200,'TBS'),('-6.280054','107.056646','TBS-015',200,'TBS'),('-6.280319','107.019002','TBS-048',200,'TBS'),('-6.280424','107.10647','CKB-060',200,'CKB'),('-6.280564','107.050022','TBS-074',200,'TBS'),('-6.2809','107.088739','CKB-006',200,'CKB'),('-6.28092','107.212','CKT-008',200,'CKT'),('-6.281306','107.164151','CKU-047',200,'CKU'),('-6.281397','107.085083','CKB-051',200,'CKB'),('-6.281517','107.168583','CKU-021',200,'CKU'),('-6.28178','107.18','CKU-024',200,'CKU'),('-6.28236','107.143871','CKU-011',200,'CKU'),('-6.282375','107.037138','TBS-126',200,'TBS'),('-6.282498','107.043885','TBS-004',200,'TBS'),('-6.282898','107.188233','CKT-010',200,'CKT'),('-6.28339','107.15492','CKU-045',200,'CKU'),('-6.283519','107.016727','TBS-047',200,'TBS'),('-6.284117','107.257175','CKT-012',200,'CKT'),('-6.28428','107.113649','CKB-054',200,'CKB'),('-6.284415','107.08301','CKB-086',200,'CKB'),('-6.284672','107.061517','TBS-135',200,'TBS'),('-6.284724','107.106648','CKB-056',200,'CKB'),('-6.284774','107.100118','CKB-012',200,'CKB'),('-6.284858','107.123678','CKU-004',200,'CKU'),('-6.28499','107.151','CKU-025',200,'CKU'),('-6.285345','107.162302','CKU-042',200,'CKU'),('-6.285588','107.092735','CKB-055',200,'CKB'),('-6.285604','107.127247','CKU-061',200,'CKU'),('-6.285859','107.141928','CKU-041',200,'CKU'),('-6.286553','107.158411','CKU-019',200,'CKU'),('-6.286597','107.190676','CKT-030',200,'CKT'),('-6.286637','107.043328','TBS-049',200,'TBS'),('-6.28668','107.103342','CKB-057',200,'CKB'),('-6.286705','107.039187','TBS-139',200,'TBS'),('-6.286893','107.07959','CKB-061',200,'CKB'),('-6.287273','107.147016','CKU-043',200,'CKU'),('-6.287299','107.065132','CBT-004',200,'CBT'),('-6.28743','107.13463','CKU-028',200,'CKU'),('-6.287494','107.050775','TBS-007',200,'TBS'),('-6.287511','107.166627','CKU-029',200,'CKU'),('-6.287517','107.088919','CKB-014',200,'CKB'),('-6.288458','107.256016','CKT-016',200,'CKT'),('-6.288893','107.069767','CBT-003',200,'CBT'),('-6.289587','107.234111','CKT-009',200,'CKT'),('-6.28966','107.143682','CKU-044',200,'CKU'),('-6.290057','107.112753','CKB-011',200,'CKB'),('-6.290264','107.14992','CKU-038',200,'CKU'),('-6.290584','107.192637','CKT-029',200,'CKT'),('-6.291205','107.179177','CKT-025',200,'CKT'),('-6.291205','107.228205','CKT-019',200,'CKT'),('-6.291343','107.041506','TBS-001',200,'TBS'),('-6.2927','107.053771','TBS-131',200,'TBS'),('-6.292711','107.18506','CKT-024',200,'CKT'),('-6.293115','107.12326','CKU-068',200,'CKU'),('-6.293226','107.076977','CKB-015',200,'CKB'),('-6.294095','107.096957','CKB-010',200,'CKB'),('-6.29412','107.104898','CKB-084',200,'CKB'),('-6.294297','107.15021','CKU-036',200,'CKU'),('-6.29473','107.112139','CKB-085',200,'CKB'),('-6.295192','107.238723','CKT-017',200,'CKT'),('-6.295228','107.21425','CKT-005',200,'CKT'),('-6.295393','107.126902','CKU-067',200,'CKU'),('-6.295406','107.08618','CKB-065',200,'CKB'),('-6.295736','107.146478','CKS-001',200,'CKS'),('-6.295988','107.041841','TBS-134',200,'TBS'),('-6.296148','107.154758','CKU-037',200,'CKU'),('-6.296203','107.050222','TBS-005',200,'TBS'),('-6.296206','107.057293','TBS-006',200,'TBS'),('-6.296373','107.118916','CKU-002',200,'CKU'),('-6.296425','107.135619','CKU-013',200,'CKU'),('-6.297158','107.166539','CKU-039',200,'CKU'),('-6.297223','107.161825','CKU-040',200,'CKU'),('-6.297312','107.07133','CKB-050',200,'CKB'),('-6.297761','107.181405','CKT-027',200,'CKT'),('-6.298022','107.094876','CKB-058',200,'CKB'),('-6.298943','107.187969','CKT-003',200,'CKT'),('-6.299164','107.052562','TBS-129',200,'TBS'),('-6.299432','107.147759','CKS-059',200,'CKS'),('-6.300065','107.192192','CKT-021',200,'CKT'),('-6.300084','107.11121','CKB-013',200,'CKB'),('-6.300278','107.155217','CKS-063',200,'CKS'),('-6.301061','107.143776','CKS-061',200,'CKS'),('-6.301273','107.066521','CBT-057',200,'CBT'),('-6.301406','107.042031','TBS-003',200,'TBS'),('-6.301504','107.159051','CKS-064',200,'CKS'),('-6.302024','107.120852','CKU-065',200,'CKU'),('-6.302055','107.092557','CKB-064',200,'CKB'),('-6.302546','107.184258','CKT-026',200,'CKT'),('-6.302836','107.105625','CKB-024',200,'CKB'),('-6.303025','107.150069','CKS-020',200,'CKS'),('-6.304041','107.075515','CKB-016',200,'CKB'),('-6.304055','107.16357','CKS-065',200,'CKS'),('-6.304227','107.167614','CKS-066',200,'CKS'),('-6.304261','107.124425','CKU-012',200,'CKU'),('-6.30432','107.155206','CKS-019',200,'CKS'),('-6.304501','107.136588','CKU-035',200,'CKU'),('-6.30534','107.144932','CKS-060',200,'CKS'),('-6.305912','107.222233','CKT-018',200,'CKT'),('-6.305967','107.052544','TBS-002',200,'TBS'),('-6.306125','107.182881','CKT-013',200,'CKT'),('-6.306298','107.089091','CKB-017',200,'CKB'),('-6.306665','107.10821','CKB-068',200,'CKB'),('-6.307048','107.17784','CKT-014',200,'CKT'),('-6.308025','107.168705','CKT-028',200,'CKT'),('-6.308221','107.149704','CKS-062',200,'CKS'),('-6.309058','107.096303','CKB-063',200,'CKB'),('-6.30934','107.076216','CKB-070',200,'CKB'),('-6.309552','107.130222','CKS-056',200,'CKS'),('-6.309722','107.08181','CKB-066',200,'CKB'),('-6.310337','107.138537','CKS-005',200,'CKS'),('-6.310652','107.063571','CKB-073',200,'CKB'),('-6.310662','107.199639','CKT-011',200,'CKT'),('-6.311053','107.109057','CKB-067',200,'CKB'),('-6.311474','107.145173','CKS-058',200,'CKS'),('-6.311953','107.16868','CKT-004',200,'CKT'),('-6.312032','107.053847','SET-001',200,'SET'),('-6.312583','107.105593','CKB-019',200,'CKB'),('-6.312722','107.04692','SET-010',400,'SET'),('-6.312853','107.155056','CKS-070',200,'CKS'),('-6.313141','107.15872','CKS-069',200,'CKS'),('-6.313286','107.217081','CKT-006',200,'CKT'),('-6.313712','107.133707','CKS-014',200,'CKS'),('-6.313766','107.118588','CKS-015',200,'CKS'),('-6.314573','107.112291','CKB-062',200,'CKB'),('-6.314595','107.198165','CKT-020',200,'CKT'),('-6.314758','107.123485','CKS-050',200,'CKS'),('-6.314862','107.181228','CKT-022',200,'CKT'),('-6.315305','107.186754','CKT-023',200,'CKT'),('-6.315352','107.089926','CKB-071',200,'CKB'),('-6.315756','107.139804','CKS-051',200,'CKS'),('-6.315944','107.167912','CKP-003',200,'CKP'),('-6.316381','107.061844','CKB-022',200,'CKB'),('-6.317378','107.149914','CKS-013',200,'CKS'),('-6.317524','107.102635','CKB-069',200,'CKB'),('-6.318061','107.092719','CKB-021',200,'CKB'),('-6.318231','107.136549','CKS-010',200,'CKS'),('-6.318534','107.083143','CKB-020',200,'CKB'),('-6.318769','107.13287','CKS-052',200,'CKS'),('-6.319108','107.069628','CKB-023',200,'CKB'),('-6.31954','107.163058','CKP-001',200,'CKP'),('-6.3197','107.141142','CKS-057',200,'CKS'),('-6.320571','107.045654','SET-030',400,'SET'),('-6.320669','107.057951','CKB-075',200,'CKB'),('-6.321725','107.100825','CKB-018',200,'CKB'),('-6.321872','107.15287','CKS-068',200,'CKS'),('-6.321911','107.091799','CKB-072',200,'CKB'),('-6.321982','107.111','CKS-049',200,'CKS'),('-6.322049','107.135657','CKS-054',200,'CKS'),('-6.322101','107.146734','CKS-055',200,'CKS'),('-6.322736','107.126338','CKS-053',200,'CKS'),('-6.322903','107.078881','CKB-025',200,'CKB'),('-6.323098','107.174884','CKP-015',200,'CKP'),('-6.323506','107.066425','CKB-076',200,'CKB'),('-6.323587','107.140362','CKS-083',200,'CKS'),('-6.323772','107.087117','CKB-077',200,'CKB'),('-6.324874','107.053658','SET-016',400,'SET'),('-6.325251','107.039638','SET-004',400,'SET'),('-6.325861','107.157106','CKS-074',200,'CKS'),('-6.325999','107.214832','CKP-009',200,'CKP'),('-6.326481','107.152736','CKS-067',200,'CKS'),('-6.326653','107.193131','CKP-002',200,'CKP'),('-6.327215','107.124292','CKS-003',200,'CKS'),('-6.327666','107.167564','CKS-073',200,'CKS'),('-6.329846','107.149917','CKS-075',200,'CKS'),('-6.330198','107.05202','CKB-081',200,'CKB'),('-6.330908','107.062099','CKB-079',200,'CKB'),('-6.331063','107.125704','CKS-047',200,'CKS'),('-6.33113','107.090953','CKB-074',200,'CKB'),('-6.331286','107.134725','CKS-046',200,'CKS'),('-6.331942','107.182691','CKP-008',200,'CKP'),('-6.332108','107.074011','CKB-026',200,'CKB'),('-6.332264','107.119918','CKS-040',200,'CKS'),('-6.332442','107.143416','CKS-043',200,'CKS'),('-6.333257','107.04698','CKB-083',200,'CKB'),('-6.334027','107.13825','CKS-002',200,'CKS'),('-6.334281','107.157239','CKS-071',200,'CKS'),('-6.334326','107.132363','CKS-048',200,'CKS'),('-6.3344','107.060344','CKB-030',200,'CKB'),('-6.334563','107.180132','CKP-022',200,'CKP'),('-6.334775','107.017295','SET-029',400,'SET'),('-6.335006','107.083656','CKB-027',200,'CKB'),('-6.335038','107.161108','CKS-018',200,'CKS'),('-6.335101','107.126161','CKS-035',200,'CKS'),('-6.335722','107.121881','CKS-036',200,'CKS'),('-6.335763','107.038013','SET-012',400,'SET'),('-6.336227','107.057015','CKB-080',200,'CKB'),('-6.336233','107.11633','CKS-017',200,'CKS'),('-6.336677','107.109916','CKS-041',200,'CKS'),('-6.337317','107.142391','CKS-044',200,'CKS'),('-6.337759','107.105917','CKS-042',200,'CKS'),('-6.338157','107.181944','CKP-018',200,'CKP'),('-6.338221','107.042877','CKB-082',200,'CKB'),('-6.338678','107.124628','CKS-037',200,'CKS'),('-6.339433','107.120936','CKS-079',200,'CKS'),('-6.339817','107.081053','CKB-078',200,'CKB'),('-6.339928','107.051279','CKB-034',200,'CKB'),('-6.340266','107.027428','SET-011',400,'SET'),('-6.341581','107.199909','CKP-017',200,'CKP'),('-6.341644','107.074522','CKB-032',200,'CKB'),('-6.341661','107.115906','CKS-038',200,'CKS'),('-6.341831','107.065837','SET-014',400,'SET'),('-6.342136','107.130497','CKS-016',200,'CKS'),('-6.342166','107.196152','CKP-019',200,'CKP'),('-6.342284','107.097037','CKS-078',200,'CKS'),('-6.34279','107.168342','CKS-072',200,'CKS'),('-6.342899','107.17341','CKS-022',200,'CKS'),('-6.34335','107.186316','CKP-021',200,'CKP'),('-6.343788','107.120365','CKS-034',200,'CKS'),('-6.344143','107.11002','CKS-033',200,'CKS'),('-6.344271','107.036039','SET-005',400,'SET'),('-6.344762','107.140168','CKS-045',200,'CKS'),('-6.345819','107.215491','CKP-005',200,'CKP'),('-6.347055','107.014549','SET-027',400,'SET'),('-6.34717','107.10214','CKS-006',200,'CKS'),('-6.34782','107.12','CKS-012',200,'CKS'),('-6.347926','107.203953','CKP-016',200,'CKP'),('-6.347953','107.138066','CKS-039',200,'CKS'),('-6.348084','107.169702','CKS-080',200,'CKS'),('-6.348255','107.142404','CKS-081',200,'CKS'),('-6.348473','107.071645','SET-026',400,'SET'),('-6.348663','107.11439','CKS-031',200,'CKS'),('-6.348873','107.164695','CKS-076',200,'CKS'),('-6.349289','107.134408','CKS-004',200,'CKS'),('-6.350527','107.058117','SET-009',400,'SET'),('-6.350596','107.0295','SET-024',400,'SET'),('-6.350693','107.125343','CKS-085',200,'CKS'),('-6.351471','107.181172','CKP-023',200,'CKP'),('-6.351498','107.096822','CKS-077',200,'CKS'),('-6.351648','107.213894','CKP-012',200,'CKP'),('-6.351854','107.106988','CKS-030',200,'CKS'),('-6.353183','107.133741','CKS-032',200,'CKS'),('-6.353796','107.044487','SET-017',400,'SET'),('-6.354383','107.085319','CKS-007',200,'CKS'),('-6.354531','107.179012','CKP-011',200,'CKP'),('-6.356302','107.109127','CKS-084',200,'CKS'),('-6.356515','107.002588','SET-022',400,'SET'),('-6.356797','107.052806','SET-028',400,'SET'),('-6.356915','107.117057','CKS-021',200,'CKS'),('-6.357083','107.127945','CKS-029',200,'CKS'),('-6.357172','107.095573','CKS-027',200,'CKS'),('-6.35745','107.026','SET-015',400,'SET'),('-6.357683','107.123776','CKS-082',200,'CKS'),('-6.360546','107.141274','CKP-030',200,'CKP'),('-6.361078','107.067039','SET-013',400,'SET'),('-6.362046','107.103332','CKS-028',200,'CKS'),('-6.362053','107.080782','SRB-020',400,'SRB'),('-6.362135','107.109663','CKS-023',200,'CKS'),('-6.363236','107.144375','CKP-007',200,'CKP'),('-6.363642','107.118581','CKS-025',200,'CKS'),('-6.363801','107.186906','CKP-004',200,'CKP'),('-6.364782','107.114499','CKS-008',200,'CKS'),('-6.365128','107.012629','SET-002',400,'SET'),('-6.365761','107.182134','CKP-020',200,'CKP'),('-6.36618','107.203','CKP-014',200,'CKP'),('-6.366695','107.129888','CKS-011',200,'CKS'),('-6.366889','107.165837','CKP-025',200,'CKP'),('-6.367953','107.14524','CKP-028',200,'CKP'),('-6.368625','107.188133','CKP-024',200,'CKP'),('-6.368909','107.02854','SET-019',400,'SET'),('-6.369492','107.115014','CKS-024',200,'CKS'),('-6.369581','107.103154','CKS-026',200,'CKS'),('-6.370207','107.097729','CKS-009',200,'CKS'),('-6.371181','107.088808','SRB-018',400,'SRB'),('-6.371409','107.162805','CKP-027',200,'CKP'),('-6.371875','107.035947','SET-006',400,'SET'),('-6.371974','107.0084','SET-023',400,'SET'),('-6.373303','107.053634','SET-018',400,'SET'),('-6.373681','107.061708','SET-007',400,'SET'),('-6.373712','107.141406','CKP-029',200,'CKP'),('-6.374687','107.173772','CKP-026',200,'CKP'),('-6.375006','107.001024','SET-025',400,'SET'),('-6.375258','107.114223','SRB-014',400,'SRB'),('-6.37702','107.160969','CKP-010',200,'CKP'),('-6.378963','107.121392','SRB-004',400,'SRB'),('-6.380044','107.135268','SRB-021',400,'SRB'),('-6.381205','107.109769','SRB-007',400,'SRB'),('-6.381243','107.194635','CKP-013',200,'CKP'),('-6.382369','107.076408','SRB-008',400,'SRB'),('-6.38679','107.104011','SRB-017',400,'SRB'),('-6.386937','107.140347','SRB-011',400,'SRB'),('-6.387611','107.053269','SET-008',400,'SET'),('-6.389329','107.118921','SRB-019',400,'SRB'),('-6.389719','107.111074','SRB-010',400,'SRB'),('-6.390001','107.01229','SET-020',400,'SET'),('-6.390081','107.172886','SRB-006',400,'SRB'),('-6.391334','107.150366','SRB-013',400,'SRB'),('-6.392162','107.222783','CKP-006',200,'CKP'),('-6.393427','107.084617','SRB-016',400,'SRB'),('-6.393477','107.131442','SRB-022',400,'SRB'),('-6.394341','107.102313','SRB-002',400,'SRB'),('-6.395306','107.031561','SET-003',400,'SET'),('-6.39582','107.074095','SRB-015',400,'SRB'),('-6.396017','107.199577','BJM-011',400,'BJM'),('-6.396419','107.168828','SRB-023',400,'SRB'),('-6.397064','107.145381','SRB-005',400,'SRB'),('-6.39848','107.207','BJM-004',400,'BJM'),('-6.400072','107.134999','SRB-024',400,'SRB'),('-6.401403','107.097239','SRB-026',400,'SRB'),('-6.402556','107.127969','SRB-009',400,'SRB'),('-6.403947','107.066595','SRB-001',400,'SRB'),('-6.405382','107.032962','SET-021',400,'SET'),('-6.408564','107.092832','CBR-018',400,'CBR'),('-6.409042','107.185399','BJM-007',400,'BJM'),('-6.409131','107.176125','BJM-008',400,'BJM'),('-6.41093','107.161','SRB-012',400,'SRB'),('-6.411643','107.111491','CBR-001',400,'CBR'),('-6.414993','107.190552','BJM-002',400,'BJM'),('-6.415691','107.086367','CBR-012',400,'CBR'),('-6.416131','107.141106','SRB-003',400,'SRB'),('-6.417321','107.116913','SRB-025',400,'SRB'),('-6.421235','107.092688','CBR-002',400,'CBR'),('-6.423589','107.10126','CBR-013',400,'CBR'),('-6.42383','107.061','CBR-008',400,'CBR'),('-6.424742','107.069245','CBR-017',400,'CBR'),('-6.425273','107.0861','CBR-014',400,'CBR'),('-6.432155','107.081687','CBR-005',400,'CBR'),('-6.432828','107.116958','CBR-004',400,'CBR'),('-6.433078','107.066642','CBR-009',400,'CBR'),('-6.437679','107.076201','CBR-015',400,'CBR'),('-6.440869','107.152178','CBR-010',400,'CBR'),('-6.44094','107.189','BJM-005',400,'BJM'),('-6.441603','107.0835','CBR-003',400,'CBR'),('-6.443793','107.127655','CBR-011',400,'CBR'),('-6.445743','107.104291','CBR-016',400,'CBR'),('-6.453136','107.114731','CBR-006',400,'CBR'),('-6.45901','107.13','CBR-007',400,'CBR'),('-6.461992','107.208728','BJM-003',400,'BJM'),('-6.462471','107.17773','BJM-009',400,'BJM'),('-6.465538','107.139538','BJM-006',400,'BJM'),('-6.465661','107.169706','BJM-001',400,'BJM'),('-6.467433','107.14688','BJM-010',400,'BJM'),('0','0','CKU-023',200,'CKU');
/*!40000 ALTER TABLE `cell_bts` ENABLE KEYS */;
UNLOCK TABLES;

--
-- Table structure for table `pengajuan`
--

DROP TABLE IF EXISTS `pengajuan`;
/*!40101 SET @saved_cs_client     = @@character_set_client */;
/*!40101 SET character_set_client = utf8 */;
CREATE TABLE `pengajuan` (
  `id_pengajuan` bigint(19) NOT NULL,
  `user_id` varchar(25) NOT NULL,
  `scan_npwpd_file` text,
  `dokumen_pengajuan` text,
  `id_kecamatan` varchar(25) DEFAULT NULL,
  `kecamatan` varchar(1000) DEFAULT NULL,
  `latitude_ajuan` varchar(255) DEFAULT NULL,
  `longitude_ajuan` varchar(255) DEFAULT NULL,
  `status` int(5) DEFAULT NULL,
  `status_aktif` int(5) DEFAULT NULL,
  PRIMARY KEY (`id_pengajuan`,`user_id`),
  KEY `user_id` (`user_id`),
  CONSTRAINT `pengajuan_ibfk_1` FOREIGN KEY (`user_id`) REFERENCES `user` (`user_id`)
) ENGINE=InnoDB DEFAULT CHARSET=latin1;
/*!40101 SET character_set_client = @saved_cs_client */;

--
-- Dumping data for table `pengajuan`
--

LOCK TABLES `pengajuan` WRITE;
/*!40000 ALTER TABLE `pengajuan` DISABLE KEYS */;
INSERT INTO `pengajuan` VALUES (1545267796879,'1545192899425','1545267796879.pdf','1545267796879.docx','001','Babelan','1010','0101',1,0),(1545386730197,'1545192899425','1545386730197A.pdf','1545386730197B.docx','001','Babelan','1010','0101',0,1);
/*!40000 ALTER TABLE `pengajuan` ENABLE KEYS */;
UNLOCK TABLES;

--
-- Table structure for table `perusahaan`
--

DROP TABLE IF EXISTS `perusahaan`;
/*!40101 SET @saved_cs_client     = @@character_set_client */;
/*!40101 SET character_set_client = utf8 */;
CREATE TABLE `perusahaan` (
  `user_id` varchar(25) NOT NULL,
  `email` varchar(255) DEFAULT NULL,
  `nama_pendaftar` varchar(500) DEFAULT NULL,
  `nama_perusahaan` varchar(500) DEFAULT NULL,
  `alamat_perusahaan` text,
  `no_telp` varchar(25) DEFAULT NULL,
  `npwpd` varchar(50) DEFAULT NULL,
  PRIMARY KEY (`user_id`),
  CONSTRAINT `perusahaan_ibfk_1` FOREIGN KEY (`user_id`) REFERENCES `user` (`user_id`)
) ENGINE=InnoDB DEFAULT CHARSET=latin1;
/*!40101 SET character_set_client = @saved_cs_client */;

--
-- Dumping data for table `perusahaan`
--

LOCK TABLES `perusahaan` WRITE;
/*!40000 ALTER TABLE `perusahaan` DISABLE KEYS */;
INSERT INTO `perusahaan` VALUES ('1545192899425','jatikusuma0801@gmail.com','Bagus Jatikusuma','L LAWLIET','Jl. Jalan','0227212051','P-09988 9898989'),('1545379361109','bagzpain@gmail.com','Bagus Jatikusuma','L LAWLIET','Jl. Jalan','0227212051','P-09988 9898989');
/*!40000 ALTER TABLE `perusahaan` ENABLE KEYS */;
UNLOCK TABLES;


/*!40103 SET TIME_ZONE=@OLD_TIME_ZONE */;

/*!40101 SET SQL_MODE=@OLD_SQL_MODE */;
/*!40014 SET FOREIGN_KEY_CHECKS=@OLD_FOREIGN_KEY_CHECKS */;
/*!40014 SET UNIQUE_CHECKS=@OLD_UNIQUE_CHECKS */;
/*!40101 SET CHARACTER_SET_CLIENT=@OLD_CHARACTER_SET_CLIENT */;
/*!40101 SET CHARACTER_SET_RESULTS=@OLD_CHARACTER_SET_RESULTS */;
/*!40101 SET COLLATION_CONNECTION=@OLD_COLLATION_CONNECTION */;
/*!40111 SET SQL_NOTES=@OLD_SQL_NOTES */;

-- Dump completed on 2018-12-24 16:29:44
